{
    "rmse": 0.7026346932857119,
    "mae": 0.5487904486112072,
    "r2": 0.29345269677373653
}