{
    "rmse": 0.7013734765168564,
    "mae": 0.5485623106068408,
    "r2": 0.2962198167869503
}